;x
1;studies
2;european
3;practices
4;values
5;unesco
6;intangible
7;urban
8;states
9;europe
10;nation
11;policy
12;landscape
13;including
14;jewish
15;global
16;archaeologists
17;convention
18;future
19;critical
20;committee
21;order
22;approach
23;protection
24;number
25;natural
26;projects
27;forms
28;exhibition
29;recent
30;western
31;focus
32;information
33;tourism
34;list
35;given
36;support
37;collections
38;institutions
39;today
40;building
41;engagement
42;area
43;various
44;fact
45;things
46;object
47;war
48;processes
49;recognition
50;interest
51;study
52;relations
53;politics
54;resources
55;tangible
56;religious
57;university
58;authority
59;park
60;south
61;considered
62;change
63;idea
64;others
65;towards
66;approaches
67;complex
68;means
69;point
70;countries
71;common
72;conflict
73;together
74;christian
75;region
76;asia
77;theory
78;council
79;general
80;possible
81;working
82;central
83;level
84;policies
85;examples
86;physical
87;key
88;particularly
89;related
90;remains
91;term
92;attention
93;diplomacy
94;histories
95;members
96;questions
97;take
98;three
99;without
100;analysis
